Outcome,Variant,Sex,Model,Predictors,N train,N test,Prevalence test,AUC,CV AUC mean,CV AUC sd,CV F1 macro,Train AUC,Threshold,Brier,Calibration slope,Calibration intercept,Accuracy,Sensitivity,Specificity,PPV,NPV,F1,F1 macro,Kappa,TP,FP,TN,FN,Accuracy at threshold,Sensitivity at threshold,Specificity at threshold,PPV at threshold,NPV at threshold,F1 at threshold,F1 macro at threshold,Kappa at threshold,TP at threshold,FP at threshold,TN at threshold,FN at threshold,AUC CI low,AUC CI high,Sensitivity CI low,Sensitivity CI high,Specificity CI low,Specificity CI high,Brier CI low,Brier CI high,Fit time (s)
Combined,PostIndex,Women,Penalised logistic regression,574,4632,1158,0.4542,0.8003,0.803,0.0191,0.7389,0.8093,0.3973,0.1771,1.2146,-0.0075,0.7314,0.5798,0.8576,0.7722,0.7104,0.6623,0.7197,0.4468,305,90,542,221,0.7288,0.6844,0.7658,0.7087,0.7446,0.6963,0.7257,0.4515,360,148,484,166,0.7748,0.8259,0.6479,0.7233,0.7352,0.7991,0.1664,0.1874,1148.2
Combined,PostIndex,Women,Random forest,574,4632,1158,0.4542,0.7692,0.771,0.0082,0.7138,1.0,0.507,0.1965,1.4283,0.0287,0.7124,0.5932,0.8117,0.7239,0.7056,0.652,0.7035,0.4111,312,119,513,214,0.7107,0.5875,0.8133,0.7237,0.7031,0.6485,0.7013,0.4072,309,118,514,217,0.7429,0.7955,0.5447,0.6296,0.7832,0.8417,0.1875,0.2045,117.4
Combined,PostIndex,Women,Neural network,574,4632,1158,0.4542,0.7489,0.7485,0.0161,0.6923,0.8557,0.5595,0.2064,0.6155,0.0833,0.6934,0.5894,0.7801,0.6904,0.6953,0.6359,0.6856,0.374,310,139,493,216,0.6952,0.5418,0.8228,0.7179,0.6833,0.6176,0.6821,0.3723,285,112,520,241,0.7222,0.7782,0.5027,0.5849,0.7934,0.851,0.1918,0.2193,540.7
Combined,PostIndex,Women,XGBoost,574,4632,1158,0.4542,0.7701,0.7761,0.0174,0.7217,1.0,0.5161,0.2159,0.394,0.2579,0.715,0.6179,0.7959,0.7159,0.7145,0.6633,0.7081,0.4186,325,129,503,201,0.7159,0.616,0.7991,0.7184,0.7143,0.6633,0.7088,0.42,324,127,505,202,0.7418,0.7981,0.5736,0.6569,0.7701,0.8306,0.1962,0.2347,288.4
Combined,PostIndex,Women,Gradient boosting,574,4632,1158,0.4542,0.7953,0.8061,0.0205,0.741,0.8456,0.4715,0.1805,1.0569,-0.0103,0.7288,0.6198,0.8196,0.7409,0.7214,0.6749,0.7212,0.4455,326,114,518,200,0.7263,0.6331,0.8038,0.7287,0.7247,0.6775,0.7199,0.4417,333,124,508,193,0.7697,0.8219,0.5935,0.6742,0.7715,0.8331,0.1681,0.192,110.1
Combined,PostIndex,Women,Histogram gradient boosting,574,4632,1158,0.4542,0.7988,0.7982,0.0183,0.7372,0.9528,0.5,0.1788,0.9569,-0.0076,0.7288,0.6141,0.8244,0.7442,0.7196,0.6729,0.7207,0.445,323,111,521,203,0.7288,0.6141,0.8244,0.7442,0.7196,0.6729,0.7207,0.445,323,111,521,203,0.7723,0.825,0.5753,0.6556,0.7942,0.8532,0.1664,0.1911,64.3
Combined,PostIndex,Women,Bagging,574,4632,1158,0.4542,0.7731,0.7815,0.0168,0.735,0.8874,0.5053,0.1908,1.3057,-0.0005,0.7254,0.6198,0.8133,0.7342,0.7199,0.6722,0.718,0.4388,326,118,514,200,0.728,0.616,0.8212,0.7414,0.7198,0.6729,0.72,0.4435,324,113,519,202,0.7471,0.8002,0.5738,0.6584,0.7907,0.85,0.1813,0.1999,834.2
Combined,PostIndex,Women,SGD classifier,574,4632,1158,0.4542,0.7737,0.7594,0.0196,0.7049,0.842,0.5123,0.1915,0.6807,-0.004,0.7133,0.616,0.7943,0.7137,0.7131,0.6612,0.7064,0.415,324,130,502,202,0.715,0.6103,0.8022,0.7197,0.7121,0.6605,0.7075,0.4178,321,125,507,205,0.7466,0.8003,0.5693,0.6524,0.7703,0.831,0.1781,0.2047,37.4
Combined,PostIndex,Women,K-nearest neighbors,574,4632,1158,0.4542,0.5869,0.5774,0.0068,0.5369,1.0,0.4173,0.2561,0.1873,0.2555,0.5691,0.3365,0.7627,0.5413,0.58,0.415,0.537,0.1024,177,150,482,349,0.5648,0.5513,0.5759,0.5197,0.6067,0.5351,0.563,0.1266,290,268,364,236,0.5537,0.6189,0.5047,0.5949,0.5392,0.6171,0.2455,0.2667,39.9
Combined,PostIndex,Men,Penalised logistic regression,574,4207,1052,0.4363,0.7932,0.8004,0.01,0.7387,0.8296,0.4068,0.1822,0.8922,-0.0019,0.7357,0.5752,0.86,0.7608,0.7234,0.6551,0.7205,0.4475,264,83,510,195,0.7338,0.6732,0.7808,0.7039,0.7553,0.6882,0.728,0.4562,309,130,463,150,0.7641,0.8202,0.6296,0.7114,0.7466,0.8119,0.1693,0.1963,990.1
Combined,PostIndex,Men,Random forest,574,4207,1052,0.4363,0.771,0.7795,0.0079,0.7309,0.9999,0.4974,0.1949,1.3251,-0.0117,0.7148,0.5839,0.8162,0.7109,0.717,0.6411,0.7023,0.4083,268,109,484,191,0.7148,0.5882,0.8128,0.7087,0.7183,0.6429,0.7028,0.4089,270,111,482,189,0.7414,0.7986,0.5457,0.6281,0.7823,0.8426,0.1857,0.2048,97.8
Combined,PostIndex,Men,Neural network,574,4207,1052,0.4363,0.7537,0.752,0.0169,0.7041,0.9305,0.5022,0.1993,0.7047,0.037,0.7082,0.573,0.8128,0.7032,0.7109,0.6315,0.695,0.394,263,111,482,196,0.7082,0.5686,0.8162,0.7054,0.7097,0.6297,0.6944,0.3934,261,109,484,198,0.7233,0.7854,0.5214,0.6105,0.7846,0.8458,0.1857,0.2138,519.3
Combined,PostIndex,Men,XGBoost,574,4207,1052,0.4363,0.7842,0.7913,0.0069,0.742,1.0,0.5982,0.2132,0.3366,0.417,0.731,0.6383,0.8027,0.7146,0.7414,0.6743,0.7226,0.4464,293,117,476,166,0.7338,0.6166,0.8246,0.7313,0.7353,0.669,0.7232,0.4491,283,104,489,176,0.7546,0.8132,0.5717,0.6573,0.7941,0.855,0.1933,0.2348,242.5
Combined,PostIndex,Men,Gradient boosting,574,4207,1052,0.4363,0.7948,0.8012,0.0048,0.7527,0.8956,0.4882,0.1791,0.9355,-0.0199,0.7433,0.6166,0.8415,0.7507,0.7393,0.677,0.732,0.4675,283,94,499,176,0.7471,0.6253,0.8415,0.7533,0.7437,0.6833,0.7364,0.4759,287,94,499,172,0.7667,0.8214,0.5828,0.6667,0.8127,0.8694,0.166,0.1927,100.9
Combined,PostIndex,Men,Histogram gradient boosting,574,4207,1052,0.4363,0.8019,0.8011,0.0058,0.7534,0.9701,0.4988,0.177,0.937,-0.0104,0.7424,0.6144,0.8415,0.75,0.7382,0.6754,0.7309,0.4654,282,94,499,177,0.7414,0.6144,0.8398,0.748,0.7378,0.6746,0.7301,0.4635,282,95,498,177,0.7745,0.829,0.5734,0.6586,0.8097,0.8687,0.164,0.1905,58.3
Combined,PostIndex,Men,Bagging,574,4207,1052,0.4363,0.78,0.7933,0.008,0.7517,0.9439,0.495,0.1852,1.1239,-0.0381,0.7395,0.6078,0.8415,0.748,0.7349,0.6707,0.7276,0.459,279,94,499,180,0.7414,0.6144,0.8398,0.748,0.7378,0.6746,0.7301,0.4635,282,95,498,177,0.7515,0.8075,0.5705,0.6551,0.8096,0.8676,0.1743,0.197,848.2
Combined,PostIndex,Men,SGD classifier,574,4207,1052,0.4363,0.7652,0.7576,0.0138,0.7141,0.8485,0.5074,0.2,0.5522,-0.0224,0.7177,0.6318,0.7841,0.6938,0.7334,0.6613,0.7096,0.4202,290,128,465,169,0.7177,0.6231,0.7909,0.6976,0.7305,0.6582,0.7089,0.419,286,124,469,173,0.7347,0.794,0.5786,0.6608,0.7552,0.8229,0.1848,0.2175,31.9
Combined,PostIndex,Men,K-nearest neighbors,574,4207,1052,0.4363,0.5754,0.5935,0.0167,0.5483,1.0,0.4635,0.2481,0.4365,0.225,0.597,0.2832,0.8398,0.5778,0.6022,0.3801,0.5408,0.1305,130,95,498,329,0.5846,0.3595,0.7589,0.5357,0.6048,0.4302,0.5517,0.1229,165,143,450,294,0.5393,0.61,0.3173,0.3991,0.7245,0.7916,0.2378,0.2591,33.0
Combined,Baseline,Women,Penalised logistic regression,570,4632,1158,0.4542,0.6684,0.6645,0.0046,0.6164,0.7267,0.4729,0.2277,0.819,-0.0096,0.6269,0.5342,0.7041,0.6004,0.6449,0.5654,0.6193,0.2406,281,187,445,245,0.6313,0.5951,0.6614,0.5939,0.6624,0.5945,0.6282,0.2564,313,214,418,213,0.6385,0.6982,0.5524,0.638,0.623,0.6977,0.2189,0.2366,1415.5
Combined,Baseline,Women,Random forest,570,4632,1158,0.4542,0.6445,0.6452,0.0085,0.5986,0.77,0.4414,0.234,1.3929,0.0292,0.6071,0.424,0.7595,0.5947,0.613,0.495,0.5867,0.188,223,152,480,303,0.6071,0.5779,0.6313,0.5661,0.6425,0.572,0.6044,0.2089,304,233,399,222,0.6137,0.6764,0.5348,0.6212,0.5922,0.6699,0.2287,0.2395,89.0
Combined,Baseline,Women,Neural network,570,4632,1158,0.4542,0.623,0.633,0.0036,0.6037,0.8381,0.4718,0.2532,0.3496,-0.0051,0.5933,0.5285,0.6472,0.5549,0.6225,0.5414,0.588,0.1764,278,223,409,248,0.5933,0.5741,0.6092,0.5501,0.6322,0.5619,0.5912,0.1827,302,247,385,224,0.5918,0.6529,0.5315,0.6144,0.5723,0.6506,0.2409,0.2657,581.0
Combined,Baseline,Women,XGBoost,570,4632,1158,0.4542,0.6275,0.6339,0.0135,0.5996,1.0,0.3438,0.3033,0.1711,0.2966,0.5976,0.5057,0.6741,0.5636,0.621,0.5331,0.5898,0.1813,266,206,426,260,0.5915,0.5856,0.5965,0.5471,0.6336,0.5657,0.5901,0.181,308,255,377,218,0.5965,0.6596,0.5412,0.6267,0.5601,0.6369,0.2824,0.3225,329.6
Combined,Baseline,Women,Gradient boosting,570,4632,1158,0.4542,0.6494,0.6552,0.0154,0.6155,0.8156,0.4856,0.2328,0.7811,0.0214,0.6097,0.4867,0.712,0.5845,0.625,0.5311,0.5984,0.2015,256,182,450,270,0.6079,0.5228,0.6788,0.5753,0.6309,0.5478,0.6009,0.2032,275,203,429,251,0.6179,0.681,0.4818,0.5665,0.644,0.715,0.224,0.2412,84.8
Combined,Baseline,Women,Histogram gradient boosting,570,4632,1158,0.4542,0.657,0.6553,0.0091,0.6102,0.9223,0.4422,0.2297,0.894,0.0241,0.6235,0.5057,0.7215,0.6018,0.6369,0.5496,0.6131,0.2303,266,176,456,260,0.6062,0.6198,0.5949,0.5601,0.6528,0.5884,0.6055,0.2128,326,256,376,200,0.6261,0.6877,0.5752,0.6609,0.5555,0.6322,0.2215,0.2383,57.6
Combined,Baseline,Women,Bagging,570,4632,1158,0.4542,0.6451,0.6431,0.0102,0.6011,0.9899,0.4842,0.2323,1.0245,0.0133,0.6166,0.4981,0.7152,0.5928,0.6313,0.5413,0.606,0.2162,262,180,452,264,0.6097,0.5418,0.6661,0.5746,0.636,0.5577,0.6042,0.209,285,211,421,241,0.6134,0.6764,0.5009,0.5833,0.6315,0.7034,0.2255,0.239,785.6
Combined,Baseline,Women,SGD classifier,570,4632,1158,0.4542,0.6224,0.6223,0.0078,0.5938,0.7284,0.4953,0.2562,0.3386,0.0148,0.6131,0.5247,0.6867,0.5823,0.6345,0.552,0.6058,0.2132,276,198,434,250,0.6114,0.5266,0.682,0.5795,0.6338,0.5518,0.6044,0.2102,277,201,431,249,0.5909,0.6519,0.483,0.5688,0.6444,0.7196,0.2438,0.2699,40.8
Combined,Baseline,Women,K-nearest neighbors,570,4632,1158,0.4542,0.5575,0.5749,0.0173,0.5233,1.0,0.3809,0.2519,0.3779,0.1705,0.557,0.3004,0.7706,0.5215,0.5696,0.3812,0.5181,0.0736,158,145,487,368,0.5302,0.6521,0.4288,0.4872,0.5969,0.5577,0.5284,0.0787,343,361,271,183,0.5243,0.5891,0.6099,0.6904,0.3922,0.4686,0.2439,0.26,41.5
Combined,Baseline,Men,Penalised logistic regression,570,4207,1052,0.4363,0.6608,0.6589,0.0208,0.619,0.727,0.4429,0.2279,0.7982,-0.012,0.6293,0.4793,0.7454,0.593,0.649,0.5301,0.612,0.2296,220,151,442,239,0.6255,0.5991,0.6459,0.567,0.6755,0.5826,0.6215,0.2434,275,210,383,184,0.6284,0.6909,0.5566,0.6408,0.6085,0.6855,0.2186,0.2372,1149.8
Combined,Baseline,Men,Random forest,570,4207,1052,0.4363,0.6681,0.6571,0.0135,0.5975,0.7793,0.4135,0.2278,1.4028,-0.008,0.6122,0.4466,0.7403,0.571,0.6335,0.5012,0.592,0.1916,205,154,439,254,0.6255,0.6514,0.6054,0.561,0.6917,0.6028,0.6243,0.2522,299,234,359,160,0.6368,0.6996,0.6041,0.692,0.569,0.6437,0.221,0.2344,82.5
Combined,Baseline,Men,Neural network,570,4207,1052,0.4363,0.5896,0.6298,0.0111,0.6026,0.9708,0.4737,0.3584,0.0614,1.1077,0.5713,0.4074,0.6981,0.5109,0.6035,0.4533,0.5504,0.108,187,179,414,272,0.5722,0.4205,0.6897,0.5119,0.6059,0.4617,0.5534,0.1125,193,184,409,266,0.5563,0.6243,0.3769,0.467,0.6494,0.7267,0.3347,0.3842,503.0
Combined,Baseline,Men,XGBoost,570,4207,1052,0.4363,0.6235,0.6303,0.022,0.597,0.9742,0.4639,0.2465,0.4399,0.01,0.5903,0.4749,0.6796,0.5343,0.6258,0.5029,0.5772,0.1565,218,190,403,241,0.5903,0.5272,0.6391,0.5307,0.6359,0.529,0.5832,0.1665,242,214,379,217,0.592,0.6572,0.4834,0.5708,0.6045,0.6784,0.2335,0.2592,267.2
Combined,Baseline,Men,Gradient boosting,570,4207,1052,0.4363,0.6646,0.6654,0.0131,0.616,0.808,0.4474,0.2267,0.893,-0.0147,0.634,0.4924,0.7437,0.5979,0.6543,0.54,0.6181,0.2409,226,152,441,233,0.6359,0.6166,0.6509,0.5776,0.6868,0.5964,0.6324,0.2655,283,207,386,176,0.6326,0.6974,0.5718,0.6596,0.6135,0.6891,0.2179,0.2354,74.8
Combined,Baseline,Men,Histogram gradient boosting,570,4207,1052,0.4363,0.6651,0.65,0.012,0.5998,0.9678,0.4416,0.2271,0.8272,-0.002,0.6397,0.4924,0.7538,0.6075,0.6574,0.5439,0.6231,0.2516,226,146,447,233,0.6283,0.6078,0.6442,0.5694,0.6797,0.588,0.6247,0.2501,279,211,382,180,0.6329,0.6983,0.5626,0.6493,0.6058,0.6817,0.2178,0.2371,54.6
Combined,Baseline,Men,Bagging,570,4207,1052,0.4363,0.6518,0.6516,0.0119,0.6063,0.9963,0.4933,0.2297,0.8728,-0.0347,0.6236,0.4902,0.7268,0.5814,0.6481,0.5319,0.6086,0.2209,225,162,431,234,0.6188,0.4989,0.7116,0.5725,0.6472,0.5332,0.6055,0.2136,229,171,422,230,0.6184,0.6852,0.451,0.5451,0.677,0.7461,0.2213,0.2379,812.8
Combined,Baseline,Men,SGD classifier,570,4207,1052,0.4363,0.6318,0.6245,0.02,0.5979,0.7679,0.4748,0.2517,0.3537,-0.0534,0.6074,0.5076,0.6847,0.5548,0.6424,0.5301,0.5965,0.1941,233,187,406,226,0.6046,0.549,0.6476,0.5466,0.6497,0.5478,0.5982,0.1965,252,209,384,207,0.5961,0.6656,0.5031,0.5917,0.6069,0.6835,0.2375,0.2668,35.7
Combined,Baseline,Men,K-nearest neighbors,570,4207,1052,0.4363,0.5561,0.5643,0.0201,0.5334,1.0,0.5027,0.2539,0.305,0.1335,0.557,0.2876,0.7656,0.4871,0.5813,0.3616,0.5112,0.0558,132,139,454,327,0.5599,0.2876,0.7707,0.4925,0.5829,0.3631,0.5134,0.0611,132,136,457,327,0.5194,0.5908,0.2477,0.3298,0.7348,0.8017,0.2441,0.2644,35.2
Statins,PostIndex,Women,Penalised logistic regression,574,4632,1158,0.31,0.7663,0.7681,0.0117,0.709,0.8159,0.3737,0.1659,0.8837,0.0639,0.7781,0.4039,0.9462,0.7713,0.7794,0.5302,0.6924,0.4029,145,43,756,214,0.7781,0.5181,0.8949,0.6889,0.8052,0.5914,0.7195,0.4432,186,84,715,173,0.7348,0.7955,0.4671,0.5685,0.8727,0.9147,0.153,0.1787,717.8
Statins,PostIndex,Women,Random forest,574,4632,1158,0.31,0.7519,0.7498,0.0152,0.6513,0.9999,0.3288,0.1752,1.3596,0.0056,0.7634,0.3454,0.9512,0.7607,0.7638,0.4751,0.6612,0.3491,124,39,760,235,0.7098,0.6407,0.7409,0.5263,0.8211,0.5779,0.6784,0.3601,230,207,592,129,0.7195,0.7827,0.5891,0.6896,0.7114,0.7709,0.1643,0.1865,101.3
Statins,PostIndex,Women,Neural network,574,4632,1158,0.31,0.7394,0.7099,0.0073,0.6678,0.8842,0.3783,0.1795,0.5983,0.2712,0.7617,0.4206,0.9149,0.6895,0.7785,0.5225,0.6818,0.3759,151,68,731,208,0.7522,0.5237,0.8548,0.6184,0.7998,0.5671,0.6967,0.3952,188,116,683,171,0.7074,0.7713,0.4709,0.5759,0.8299,0.8781,0.1645,0.1952,663.0
Statins,PostIndex,Women,XGBoost,574,4632,1158,0.31,0.7491,0.7716,0.0161,0.7117,1.0,0.3233,0.1836,0.3969,0.8145,0.7712,0.454,0.9136,0.7026,0.7883,0.5516,0.699,0.4074,163,69,730,196,0.7582,0.5153,0.8673,0.6357,0.7993,0.5692,0.7006,0.4037,185,106,693,174,0.715,0.7825,0.4621,0.5653,0.8426,0.8909,0.1659,0.2031,232.7
Statins,PostIndex,Women,Gradient boosting,574,4632,1158,0.31,0.7918,0.7924,0.0094,0.7273,0.8401,0.3197,0.1545,1.1632,0.0474,0.785,0.4457,0.9374,0.7619,0.7901,0.5624,0.7099,0.4325,160,50,749,199,0.7729,0.546,0.8748,0.6622,0.8109,0.5985,0.7201,0.4422,196,100,699,163,0.7623,0.8197,0.4927,0.5955,0.8531,0.8972,0.1418,0.1673,95.9
Statins,PostIndex,Women,Histogram gradient boosting,574,4632,1158,0.31,0.7727,0.7793,0.0102,0.7191,0.9748,0.3173,0.1586,0.8805,0.0856,0.7858,0.4568,0.9337,0.7558,0.7928,0.5694,0.7135,0.4382,164,53,746,195,0.7539,0.5766,0.8335,0.6088,0.8142,0.5923,0.708,0.4162,207,133,666,152,0.7416,0.8042,0.5243,0.627,0.8082,0.8582,0.1448,0.1724,59.0
Statins,PostIndex,Women,Bagging,574,4632,1158,0.31,0.7596,0.7731,0.0189,0.7219,0.9746,0.43,0.1639,0.9967,-0.0438,0.7781,0.4485,0.9262,0.7318,0.7889,0.5561,0.7041,0.4193,161,59,740,198,0.7746,0.5014,0.8974,0.687,0.8002,0.5797,0.7129,0.4308,180,82,717,179,0.7269,0.7884,0.4473,0.5553,0.8761,0.9174,0.1519,0.1766,977.7
Statins,PostIndex,Women,SGD classifier,574,4632,1158,0.31,0.72,0.7185,0.0184,0.6852,0.8247,0.3519,0.1855,0.5315,0.0468,0.7539,0.4373,0.8961,0.6542,0.78,0.5242,0.6791,0.3669,157,83,716,202,0.7176,0.5515,0.7922,0.544,0.7972,0.5477,0.6712,0.3425,198,166,633,161,0.6863,0.7533,0.5028,0.6006,0.7665,0.8198,0.171,0.2009,36.9
Statins,PostIndex,Women,K-nearest neighbors,574,4632,1158,0.31,0.5758,0.5469,0.0116,0.5169,0.8547,0.3333,0.2505,0.0365,0.3243,0.6649,0.2451,0.8536,0.4293,0.7156,0.3121,0.5453,0.1119,88,117,682,271,0.5086,0.6769,0.433,0.3491,0.7489,0.4607,0.5047,0.0873,243,453,346,116,0.5399,0.6078,0.6274,0.7221,0.3975,0.4675,0.2321,0.2683,38.8
Statins,PostIndex,Men,Penalised logistic regression,574,4207,1052,0.2728,0.7848,0.7509,0.0226,0.6952,0.8321,0.344,0.1541,0.7723,-0.0619,0.7918,0.4181,0.932,0.6977,0.8102,0.5229,0.6949,0.4002,120,52,713,167,0.7804,0.5923,0.851,0.5986,0.8477,0.5954,0.7224,0.4448,170,114,651,117,0.7511,0.8156,0.536,0.6534,0.8272,0.8753,0.1389,0.1682,1032.6
Statins,PostIndex,Men,Random forest,574,4207,1052,0.2728,0.7653,0.7293,0.0166,0.6294,1.0,0.36,0.163,1.1877,-0.1233,0.7747,0.3554,0.932,0.6623,0.794,0.4626,0.66,0.3361,102,52,713,185,0.7348,0.6202,0.7778,0.5115,0.8452,0.5606,0.6854,0.3732,178,170,595,109,0.7298,0.7991,0.561,0.6818,0.748,0.806,0.1517,0.1746,88.5
Statins,PostIndex,Men,Neural network,574,4207,1052,0.2728,0.7372,0.7119,0.0216,0.6687,0.9095,0.3215,0.1702,0.5664,0.0475,0.7671,0.3728,0.915,0.6221,0.7955,0.4662,0.6586,0.329,107,65,700,180,0.7462,0.5819,0.8078,0.5318,0.8374,0.5557,0.689,0.3786,167,147,618,120,0.7016,0.7734,0.5249,0.6396,0.7805,0.836,0.1535,0.1858,528.0
Statins,PostIndex,Men,XGBoost,574,4207,1052,0.2728,0.7898,0.7633,0.0281,0.7164,1.0,0.2296,0.1654,0.3372,0.9898,0.808,0.5052,0.9216,0.7073,0.8323,0.5894,0.7321,0.4686,145,60,705,142,0.7757,0.561,0.8562,0.5941,0.8387,0.5771,0.7122,0.4246,161,110,655,126,0.7548,0.8232,0.5,0.6218,0.8289,0.8795,0.1445,0.1867,208.9
Statins,PostIndex,Men,Gradient boosting,574,4207,1052,0.2728,0.8251,0.7845,0.0285,0.7194,0.8525,0.3437,0.135,1.1827,-0.1132,0.8222,0.5192,0.9359,0.7525,0.8384,0.6144,0.7495,0.5039,149,49,716,138,0.807,0.5784,0.8928,0.6694,0.8495,0.6206,0.7456,0.4921,166,82,683,121,0.7957,0.8554,0.5204,0.6389,0.8707,0.9136,0.1219,0.1487,90.2
Statins,PostIndex,Men,Histogram gradient boosting,574,4207,1052,0.2728,0.798,0.7766,0.0244,0.7235,0.9844,0.3033,0.1392,0.8718,-0.0388,0.8184,0.5052,0.9359,0.7474,0.8345,0.6029,0.7426,0.4909,145,49,716,142,0.7719,0.6272,0.8261,0.5751,0.8552,0.6,0.7202,0.4408,180,133,632,107,0.7638,0.8304,0.5681,0.6864,0.7982,0.8525,0.1241,0.1542,57.3
Statins,PostIndex,Men,Bagging,574,4207,1052,0.2728,0.7882,0.7557,0.0235,0.7172,0.988,0.3909,0.1455,0.9532,-0.1783,0.8118,0.5226,0.9203,0.7109,0.8371,0.6024,0.7396,0.4829,150,61,704,137,0.7833,0.5854,0.8575,0.6065,0.8465,0.5957,0.7238,0.4478,168,109,656,119,0.7538,0.8211,0.5309,0.6439,0.8333,0.8817,0.1314,0.1591,1028.2
Statins,PostIndex,Men,SGD classifier,574,4207,1052,0.2728,0.7419,0.7122,0.0199,0.6705,0.8304,0.3202,0.1777,0.4477,-0.1766,0.7671,0.4878,0.8719,0.5882,0.8194,0.5333,0.6891,0.38,140,98,667,147,0.7072,0.5923,0.7503,0.4709,0.8307,0.5247,0.6566,0.3171,170,191,574,117,0.7076,0.7766,0.5284,0.6473,0.7202,0.7822,0.1607,0.1933,33.8
Statins,PostIndex,Men,K-nearest neighbors,574,4207,1052,0.2728,0.5393,0.5525,0.0127,0.5429,0.8668,0.6667,0.2486,0.0187,0.1735,0.6721,0.2021,0.8484,0.3333,0.7392,0.2516,0.5208,0.0575,58,116,649,229,0.6721,0.2021,0.8484,0.3333,0.7392,0.2516,0.5208,0.0575,58,116,649,229,0.5033,0.5753,0.1567,0.25,0.8231,0.8721,0.2298,0.2681,32.4
Antihypertensives,PostIndex,Women,Penalised logistic regression,574,4632,1158,0.2383,0.8023,0.779,0.0206,0.7039,0.8341,0.2186,0.1302,1.0703,0.0656,0.8178,0.3732,0.9569,0.7305,0.8299,0.494,0.6914,0.3968,103,38,844,173,0.772,0.6775,0.8016,0.5166,0.8882,0.5862,0.7144,0.4328,187,175,707,89,0.768,0.8328,0.6227,0.73,0.7721,0.8272,0.118,0.1441,641.8
Antihypertensives,PostIndex,Women,Random forest,574,4632,1158,0.2383,0.7323,0.7353,0.0116,0.571,1.0,0.2729,0.1569,0.9954,-0.0467,0.7789,0.192,0.9626,0.6163,0.792,0.2928,0.5809,0.2025,53,33,849,223,0.7047,0.6449,0.7234,0.4218,0.8668,0.51,0.6493,0.3116,178,244,638,98,0.6968,0.7652,0.5934,0.6989,0.6903,0.75,0.1461,0.1683,111.9
Antihypertensives,PostIndex,Women,Neural network,574,4632,1158,0.2383,0.7205,0.7181,0.0211,0.6665,1.0,0.0115,0.2038,0.1423,1.9128,0.7703,0.3659,0.8968,0.526,0.8188,0.4316,0.6438,0.2934,101,91,791,175,0.7003,0.6123,0.7279,0.4132,0.8571,0.4934,0.6403,0.2919,169,240,642,107,0.6844,0.7557,0.5532,0.6667,0.6963,0.758,0.1831,0.2262,707.1
Antihypertensives,PostIndex,Women,XGBoost,574,4632,1158,0.2383,0.7714,0.7655,0.0179,0.6993,1.0,0.0954,0.1561,0.3379,1.4894,0.8109,0.3949,0.941,0.677,0.8325,0.4989,0.6912,0.3921,109,52,830,167,0.7755,0.5797,0.8367,0.5263,0.8642,0.5517,0.701,0.4024,160,144,738,116,0.7387,0.8047,0.5245,0.6364,0.8116,0.861,0.139,0.1741,217.4
Antihypertensives,PostIndex,Women,Gradient boosting,574,4632,1158,0.2383,0.7976,0.7827,0.0177,0.7113,0.8622,0.2265,0.1283,1.2296,0.0875,0.8377,0.4167,0.9694,0.8099,0.8415,0.5502,0.7256,0.4633,115,27,855,161,0.7832,0.6522,0.8243,0.5373,0.8834,0.5892,0.721,0.4438,180,155,727,96,0.7649,0.8294,0.5992,0.7092,0.7975,0.8501,0.1165,0.141,97.0
Antihypertensives,PostIndex,Women,Histogram gradient boosting,574,4632,1158,0.2383,0.7699,0.7759,0.0262,0.698,0.9423,0.2663,0.1388,0.8164,0.1526,0.8282,0.4312,0.9524,0.7391,0.8425,0.5446,0.7194,0.4476,119,42,840,157,0.7729,0.5652,0.8379,0.5217,0.8603,0.5426,0.6958,0.3919,156,143,739,120,0.7346,0.8008,0.5091,0.623,0.813,0.8605,0.1263,0.1522,58.8
Antihypertensives,PostIndex,Women,Bagging,574,4632,1158,0.2383,0.7894,0.7771,0.0187,0.7049,0.99,0.3133,0.1324,0.9439,-0.0158,0.8359,0.4312,0.9626,0.7829,0.8439,0.5561,0.7277,0.4656,119,33,849,157,0.7876,0.6196,0.8401,0.5481,0.8759,0.5816,0.7196,0.44,171,141,741,105,0.7559,0.8201,0.5647,0.6738,0.8148,0.8645,0.1213,0.1446,1273.9
Antihypertensives,PostIndex,Women,SGD classifier,574,4632,1158,0.2383,0.7522,0.7475,0.0237,0.691,0.8536,0.2386,0.1452,0.591,0.0569,0.8083,0.4275,0.9274,0.6484,0.8381,0.5153,0.6979,0.402,118,64,818,158,0.7392,0.6123,0.7789,0.4643,0.8652,0.5281,0.674,0.3526,169,195,687,107,0.715,0.7873,0.5532,0.668,0.7497,0.8084,0.1311,0.1602,50.1
Antihypertensives,PostIndex,Women,K-nearest neighbors,574,4632,1158,0.2383,0.5342,0.5368,0.01,0.504,1.0,0.272,0.2138,0.0203,0.2401,0.715,0.1087,0.9048,0.2632,0.7644,0.1538,0.4913,0.0169,30,84,798,246,0.6114,0.3406,0.6961,0.2597,0.7714,0.2947,0.5132,0.0332,94,268,614,182,0.4957,0.5718,0.2817,0.3939,0.6682,0.7239,0.1984,0.2298,78.9
Antihypertensives,PostIndex,Men,Penalised logistic regression,574,4207,1052,0.25,0.7743,0.7944,0.0095,0.7244,0.8335,0.2477,0.144,0.8694,0.027,0.7994,0.3802,0.9392,0.6757,0.8197,0.4866,0.681,0.3739,100,48,741,163,0.7576,0.5932,0.8124,0.5132,0.857,0.5503,0.6922,0.3855,156,148,641,107,0.742,0.8069,0.535,0.6479,0.7856,0.8384,0.1302,0.1578,768.6
Antihypertensives,PostIndex,Men,Random forest,574,4207,1052,0.25,0.7353,0.7513,0.0089,0.6099,1.0,0.3526,0.1605,1.0684,-0.0696,0.7719,0.2167,0.9569,0.6264,0.7856,0.322,0.5924,0.222,57,34,755,206,0.7538,0.5741,0.8137,0.5067,0.8515,0.5383,0.6852,0.3714,151,147,642,112,0.7,0.7721,0.5165,0.6314,0.7867,0.8406,0.148,0.1728,114.6
Antihypertensives,PostIndex,Men,Neural network,574,4207,1052,0.25,0.6938,0.7281,0.0185,0.6771,1.0,0.1371,0.2064,0.1472,1.3126,0.7614,0.3878,0.8859,0.5312,0.8128,0.4484,0.6481,0.3008,102,90,699,161,0.7367,0.4905,0.8188,0.4743,0.8282,0.4822,0.6528,0.3058,129,143,646,134,0.6526,0.7337,0.4323,0.5525,0.7922,0.845,0.1849,0.2293,659.7
Antihypertensives,PostIndex,Men,XGBoost,574,4207,1052,0.25,0.7439,0.7571,0.0157,0.7203,1.0,0.0561,0.174,0.2656,1.3658,0.7947,0.4335,0.9151,0.6298,0.8289,0.5135,0.6917,0.389,114,67,722,149,0.7395,0.6236,0.7782,0.4838,0.8612,0.5449,0.6812,0.3665,164,175,614,99,0.706,0.7801,0.567,0.6811,0.7494,0.8065,0.1538,0.1948,213.8
Antihypertensives,PostIndex,Men,Gradient boosting,574,4207,1052,0.25,0.7678,0.7898,0.0113,0.7322,0.8491,0.2968,0.1442,0.9743,0.0437,0.8061,0.4183,0.9354,0.6832,0.8283,0.5189,0.6987,0.4061,110,51,738,153,0.8013,0.5399,0.8885,0.6174,0.8528,0.5761,0.7232,0.4471,142,88,701,121,0.7335,0.8021,0.4765,0.5978,0.8656,0.9096,0.1299,0.1585,75.6
Antihypertensives,PostIndex,Men,Histogram gradient boosting,574,4207,1052,0.25,0.7583,0.7767,0.0149,0.7249,0.9894,0.2184,0.1487,0.6629,0.2095,0.8061,0.4335,0.9303,0.6746,0.8313,0.5278,0.7029,0.4129,114,55,734,149,0.7548,0.6198,0.7997,0.5078,0.8632,0.5582,0.6942,0.3908,163,158,631,100,0.7213,0.7953,0.5589,0.6765,0.7706,0.8279,0.1336,0.165,55.7
Antihypertensives,PostIndex,Men,Bagging,574,4207,1052,0.25,0.7541,0.7746,0.0052,0.7339,0.9486,0.3474,0.1468,0.9122,-0.0718,0.8089,0.4525,0.9278,0.6761,0.8356,0.5421,0.7107,0.4274,119,57,732,144,0.7937,0.5475,0.8758,0.595,0.8531,0.5703,0.7173,0.4349,144,98,691,119,0.717,0.7896,0.4887,0.6061,0.8528,0.8984,0.1335,0.1603,1020.7
Antihypertensives,PostIndex,Men,SGD classifier,574,4207,1052,0.25,0.724,0.7481,0.0089,0.7047,0.8542,0.369,0.1693,0.4494,0.0128,0.7814,0.4221,0.9011,0.5873,0.8239,0.4912,0.676,0.3566,111,78,711,152,0.7548,0.4829,0.8454,0.51,0.8306,0.4961,0.667,0.3342,127,122,667,136,0.6854,0.7635,0.4243,0.5402,0.8196,0.8697,0.1526,0.1855,31.2
Antihypertensives,PostIndex,Men,K-nearest neighbors,574,4207,1052,0.25,0.527,0.5575,0.0176,0.5142,1.0,0.205,0.2227,0.0161,0.2262,0.7072,0.1331,0.8986,0.3043,0.7567,0.1852,0.5034,0.039,35,80,709,228,0.5513,0.4487,0.5856,0.2652,0.7611,0.3333,0.4976,0.0278,118,327,462,145,0.4891,0.5675,0.3914,0.5112,0.5521,0.6189,0.205,0.2397,35.3
